{
  "started": {},
  "success": {
    "ammocase": "Lotus_intro",
    "ak74m": "Lotus_akcollector1",
    "ak105": "Lotus_akcollector1",
    "ak104": "Lotus_akcollector1",
    "ak103": "Lotus_akcollector1",
    "ak102": "Lotus_akcollector2",
    "ak101": "Lotus_akcollector2",
    "rd704": "Lotus_akcollector2",
    "ak12mod1": "Lotus_ruafinfiltrator2",		
    "ak12mod2": "Lotus_ruafinfiltrator2",
    "zhuk6": "Lotus_ruafinfiltrator2",
    "ak12ruaf": "Lotus_ruafinfiltrator1",
    "6b13dfl": "Lotus_ruafinfiltrator1",
    "6b23dfl": "Lotus_ruafinfiltrator1",	
    "45acpappack": "Lotus_ammo45",
    "45acpap": "Lotus_ammo45",		
    "57x28ss190": "Lotus_ammo57x28",
    "57x28ss190pack": "Lotus_ammo57x28",	
    "12gpira": "Lotus_ammo12g",
    "12gflech": "Lotus_ammo12g",
    "12gap20": "Lotus_ammo12g",
    "46x30ap": "Lotus_ammo46x30",	
    "46x30fmj": "Lotus_ammo46x30",	
    "46x30jsp": "Lotus_ammo46x30",	
    "9x39spp": "Lotus_ammo9x39",
    "9x39pab9": "Lotus_ammo9x39",
    "9x39sp6": "Lotus_ammo9x39",
    "300blkcbj": "Lotus_ammo300blk",
    "300blkap": "Lotus_ammo300blk",
    "545x39bt": "Lotus_ammo545x39",
    "545x39bs": "Lotus_ammo545x39",
    "545x39ppbs": "Lotus_ammo545x39",
    "545x397n40": "Lotus_ammo545x39",
    "556x45m855a1": "Lotus_ammo556x45",
    "556x45m995": "Lotus_ammo556x45",
    "762x39pp": "Lotus_ammo762x39",
    "762x39bp": "Lotus_ammo762x39",
    "762x51m80": "Lotus_ammo762x51",
    "762x51m62": "Lotus_ammo762x51",		
    "762x51m61": "Lotus_ammo762x51",
    "762x51m993pack": "Lotus_ammo762x51",		
    "762x54rps": "Lotus_ammo762x54r",
    "762x54rsnb": "Lotus_ammo762x54r",
    "lapuaap": "Lotus_ammolapua",		
    "lapuaappack": "Lotus_ammolapua",		
    "127x55ps12b": "Lotus_ammo127",
    "comtac4": "Lotus_trainedwarriorsneak",
    "comtac4barter": "Lotus_trainedwarriorsneak",
    "556mk18": "Lotus_overseasdelivery",	
    "lunasaks74n": "Lotus_gift",	
    "spetznazak": "Lotus_gift",	
    "m416od": "Lotus_gift",	
    "mk47": "Lotus_gift",
    "etg": "Lotus_narco",	
    "perfotoran": "Lotus_narco",
    "obdolbos2": "Lotus_narco",	
    "propital": "Lotus_narco",	
    "goldenstar": "Lotus_stimaddict",	
    "bastionplate": "Lotus_Arenadogs",
    "lbtrig": "Lotus_imports",
    "rpk16killa": "Lotus_mallmaniac",
    "beta2": "Lotus_homedepot",
    "attack2": "Lotus_homedepot",	
    "lbtriggoons": "Lotus_imports",
    "rshsniper": "Lotus_ohotnik",
    "vss": "Lotus_ohotnik",
    "m32gl": "Lotus_tarkovcleanerreserve",
    "mdr762": "Lotus_tarkovcleanercustoms",	
    "mjolnir": "Lotus_theonewhosees",	
    "hexgridbarter": "Lotus_Pokloneniye2",	
    "mppv": "Lotus_Pokloneniye3"		
  },
  "fail": {}
}